{
  "browserName": "electron",
  "browserPath": "",
  "browserVersion": "118.0.5993.159",
  "config": {
    "projectRoot": "/home/crio-user/workspace/mayurdange15081996-ME_FE_BUILDOUT_XPROFILE/assessment",
    "projectName": "assessment",
    "configFile": "cypress.config.js",
    "isTextTerminal": true,
    "animationDistanceThreshold": 5,
    "arch": "x64",
    "baseUrl": null,
    "blockHosts": null,
    "chromeWebSecurity": true,
    "clientCertificates": [],
    "defaultCommandTimeout": 4000,
    "downloadsFolder": "/home/crio-user/workspace/mayurdange15081996-ME_FE_BUILDOUT_XPROFILE/assessment/cypress/downloads",
    "env": {},
    "execTimeout": 60000,
    "experimentalCspAllowList": false,
    "experimentalFetchPolyfill": false,
    "experimentalInteractiveRunEvents": false,
    "experimentalRunAllSpecs": false,
    "experimentalMemoryManagement": false,
    "experimentalModifyObstructiveThirdPartyCode": false,
    "experimentalSkipDomainInjection": null,
    "experimentalOriginDependencies": false,
    "experimentalSourceRewriting": false,
    "experimentalSingleTabRunMode": false,
    "experimentalStudio": false,
    "experimentalWebKitSupport": false,
    "fileServerFolder": "/home/crio-user/workspace/mayurdange15081996-ME_FE_BUILDOUT_XPROFILE/assessment",
    "fixturesFolder": "/home/crio-user/workspace/mayurdange15081996-ME_FE_BUILDOUT_XPROFILE/assessment/cypress/fixtures",
    "excludeSpecPattern": "*.hot-update.js",
    "includeShadowDom": false,
    "keystrokeDelay": 0,
    "modifyObstructiveCode": true,
    "numTestsKeptInMemory": 0,
    "platform": "linux",
    "pageLoadTimeout": 60000,
    "port": 42493,
    "projectId": null,
    "redirectionLimit": 20,
    "reporter": "spec",
    "reporterOptions": null,
    "requestTimeout": 5000,
    "resolvedNodePath": "/usr/bin/node",
    "resolvedNodeVersion": "16.20.2",
    "responseTimeout": 30000,
    "retries": {
      "runMode": 0,
      "openMode": 0
    },
    "screenshotOnRunFailure": true,
    "screenshotsFolder": "/home/crio-user/workspace/mayurdange15081996-ME_FE_BUILDOUT_XPROFILE/assessment/cypress/screenshots",
    "slowTestThreshold": 10000,
    "scrollBehavior": "top",
    "supportFile": "/home/crio-user/workspace/mayurdange15081996-ME_FE_BUILDOUT_XPROFILE/assessment/cypress/support/e2e.js",
    "taskTimeout": 60000,
    "testIsolation": true,
    "trashAssetsBeforeRuns": true,
    "userAgent": null,
    "video": false,
    "videoCompression": false,
    "videosFolder": "/home/crio-user/workspace/mayurdange15081996-ME_FE_BUILDOUT_XPROFILE/assessment/cypress/videos",
    "viewportHeight": 660,
    "viewportWidth": 1000,
    "waitForAnimations": true,
    "watchForFileChanges": false,
    "specPattern": "cypress/e2e/**/*.cy.{js,jsx,ts,tsx}",
    "browsers": [
      {
        "channel": "stable",
        "displayName": "Chrome",
        "family": "chromium",
        "majorVersion": "119",
        "name": "chrome",
        "path": "google-chrome",
        "version": "119.0.6045.159"
      },
      {
        "channel": "stable",
        "displayName": "Chromium",
        "family": "chromium",
        "majorVersion": "112",
        "name": "chromium",
        "path": "chromium-browser",
        "version": "112.0.5615.49"
      },
      {
        "channel": "stable",
        "displayName": "Electron",
        "family": "chromium",
        "majorVersion": 118,
        "name": "electron",
        "path": "",
        "version": "118.0.5993.159"
      }
    ],
    "cypressBinaryRoot": "/home/crio-user/.cache/Cypress/13.8.1/Cypress/resources/app",
    "hosts": null,
    "isInteractive": true,
    "version": "13.8.1",
    "testingType": "e2e",
    "browser": null,
    "cypressInternalEnv": "production"
  },
  "cypressVersion": "13.8.1",
  "endedTestsAt": "2024-04-25T03:05:36.497Z",
  "osName": "linux",
  "osVersion": "Ubuntu - ",
  "runs": [
    {
      "error": null,
      "reporter": "spec",
      "reporterStats": {
        "suites": 1,
        "tests": 10,
        "passes": 10,
        "pending": 0,
        "failures": 0,
        "start": "2024-04-25T03:05:30.007Z",
        "end": "2024-04-25T03:05:36.508Z",
        "duration": 6501
      },
      "screenshots": [],
      "spec": {
        "absolute": "/home/crio-user/workspace/mayurdange15081996-ME_FE_BUILDOUT_XPROFILE/assessment/cypress/e2e/spec.cy.js",
        "fileExtension": ".js",
        "fileName": "spec",
        "name": "spec.cy.js",
        "relative": "cypress/e2e/spec.cy.js"
      },
      "stats": {
        "duration": 6505,
        "endedAt": "2024-04-25T03:05:36.497Z",
        "failures": 0,
        "passes": 10,
        "pending": 0,
        "skipped": 0,
        "startedAt": "2024-04-25T03:05:29.992Z",
        "suites": 1,
        "tests": 10
      },
      "tests": [
        {
          "attempts": [
            {
              "state": "passed"
            }
          ],
          "displayError": null,
          "duration": 511,
          "state": "passed",
          "title": [
            "XProfile Tests",
            "has the correct title"
          ]
        },
        {
          "attempts": [
            {
              "state": "passed"
            }
          ],
          "displayError": null,
          "duration": 278,
          "state": "passed",
          "title": [
            "XProfile Tests",
            "displays a profile picture"
          ]
        },
        {
          "attempts": [
            {
              "state": "passed"
            }
          ],
          "displayError": null,
          "duration": 299,
          "state": "passed",
          "title": [
            "XProfile Tests",
            "shows the correct user name"
          ]
        },
        {
          "attempts": [
            {
              "state": "passed"
            }
          ],
          "displayError": null,
          "duration": 237,
          "state": "passed",
          "title": [
            "XProfile Tests",
            "displays the correct job title"
          ]
        },
        {
          "attempts": [
            {
              "state": "passed"
            }
          ],
          "displayError": null,
          "duration": 275,
          "state": "passed",
          "title": [
            "XProfile Tests",
            "has functioning social media links"
          ]
        },
        {
          "attempts": [
            {
              "state": "passed"
            }
          ],
          "displayError": null,
          "duration": 336,
          "state": "passed",
          "title": [
            "XProfile Tests",
            "menu and settings icons are visible"
          ]
        },
        {
          "attempts": [
            {
              "state": "passed"
            }
          ],
          "displayError": null,
          "duration": 272,
          "state": "passed",
          "title": [
            "XProfile Tests",
            "applies the correct styles to the profile box"
          ]
        },
        {
          "attempts": [
            {
              "state": "passed"
            }
          ],
          "displayError": null,
          "duration": 263,
          "state": "passed",
          "title": [
            "XProfile Tests",
            "has correctly styled menu and setting icons"
          ]
        },
        {
          "attempts": [
            {
              "state": "passed"
            }
          ],
          "displayError": null,
          "duration": 239,
          "state": "passed",
          "title": [
            "XProfile Tests",
            "has a profile picture with the correct styles"
          ]
        },
        {
          "attempts": [
            {
              "state": "passed"
            }
          ],
          "displayError": null,
          "duration": 321,
          "state": "passed",
          "title": [
            "XProfile Tests",
            "ensures social media images have the correct size and are clickable"
          ]
        }
      ],
      "video": null
    }
  ],
  "startedTestsAt": "2024-04-25T03:05:29.992Z",
  "totalDuration": 6505,
  "totalFailed": 0,
  "totalPassed": 10,
  "totalPending": 0,
  "totalSkipped": 0,
  "totalSuites": 1,
  "totalTests": 10
}